Name,website,social,Office Phone # or email,Address,Area,Organization Mission
La Red de Justicia para los Inmigrantes (IJN),https://immigrantjusticenetwork.org/,,omerino@ilrc.org,,,"La Red de Justicia para los Inmigrantes es una voz l√≠der en la defensa contra la criminalizaci√≥n de los inmigrantes en los Estados Unidos. Bas√°ndonos en los valores de la justicia racial, construimos poder para defender la dignidad de todos los inmigrantes."
Coalici√≥n Unida para los Servicios a los Inmigrantes,https://www.united-coalition.org/,,"Contacto para CRISP y SBLISN: Alison Kamhi, directora del programa jur√≠dico, ILRC, akamhi@ilrc.org",,Condados de Santa Clara y San Mateo,"La Coalici√≥n Unida para los Servicios a los Inmigrantes es una asociaci√≥n entre dos colaboraciones, CRISP (Recursos Colaborativos para los Servicios a los Inmigrantes en la Pen√≠nsula, establecida en 2005) y SBLISN (Red de Servicios Legales de Inmigraci√≥n de South Bay, establecida en 2009), que comprende 16 organizaciones que prestan servicios legales de inmigraci√≥n gratuitos y de bajo costo a ni√±os, familias y adultos mayores en los condados de Santa Clara y San Mateo."
UC Immigrant Legal Services Center,https://ucimm.law.ucdavis.edu/,@ucimmigrantlegalservices,530-752-1011,"University of California, Davis, One Shields Avenue, Davis, CA 95616",All UC campuses,"Atendemos las necesidades legales relacionadas con la inmigraci√≥n de los estudiantes indocumentados e inmigrantes y sus familiares directos, as√≠ como de las familias con estatus mixto. Con sede en la Facultad de Derecho de la Universidad de California en Davis, en tierras no cedidas de los patwin, el programa atiende a estudiantes de nueve campus de la Universidad de California: UC Davis, UC Irvine, UCLA, UC Merced, UC Riverside, UC San Diego, UC San Francisco, UC Santa B√°rbara y UC Santa Cruz."
CLUE Justice - Clergy and Laity United for Economic Justice,https://www.cluejustice.org/,@cluejustice,(213) 481-3740,"464 Lucas Ave, Ste 202",LA,"El Clero y los Laicos Unidos por la Justicia Econ√≥mica educa, organiza y moviliza a la comunidad religiosa para acompa√±ar a los trabajadores y sus familias en su lucha por buenos empleos, dignidad y justicia."
CHIRLA - Coalition for Humane Immigrant Rights ,https://www.chirla.org/,@chirla_org,"Immigrant Assistance Referral Line: 888-6-CHIRLA, Legal Assistance 213-201-3797, EMPLEO National Wage Theft Hotline 877-55-AYUDA","2533 West 3rd Street, Suite 101",LA,"La Coalici√≥n por los Derechos Humanos de los Inmigrantes (CHIRLA) fue fundada en 1986. CHIRLA es una organizaci√≥n l√≠der en California con impacto nacional, formada por diversas familias e individuos inmigrantes que act√∫an como agentes de cambio social para lograr un mundo con libertad de movilidad, plenos derechos humanos y una verdadera democracia participativa. La misi√≥n de CHIRLA es lograr una sociedad justa que incluya plenamente a los inmigrantes."
Immigration Defenders Law Center,https://www.immdef.org/,@immdef_lawcenter,info@immdef.org,634 S. Spring St. 10th Fl.,LA,El Centro Legal para la Defensa de los Inmigrantes (ImmDef) es un bufete de abogados de justicia social de nueva generaci√≥n que defiende a nuestras comunidades de inmigrantes contra las injusticias del sistema de inmigraci√≥n.
Central America Resource Center,https://www.carecen-la.org/,@carecen_la,213-385-7800,2845 W 7th St,LA,"Desde su fundaci√≥n en 1983, cuando miles de centroamericanos huyeron de la brutalidad de la guerra civil, CARECEN ha trabajado para cambiar un sistema migratorio injusto, conseguir la regularizaci√≥n de los inmigrantes y fomentar el activismo comunitario en temas como la reforma educativa, los derechos de los trabajadores y los inmigrantes, la justicia econ√≥mica y el fortalecimiento de la comunidad."
Immigration Advocates Network,https://www.immigrationadvocates.org/,https://www.facebook.com/immigrationadvocates,,,,Aprovechar el poder de la tecnolog√≠a y la colaboraci√≥n para apoyar a los inmigrantes y sus aliados.
Ra√≠ces ConVoz: Latinos In Public Health,https://www.instagram.com/raicesconvozph#,@raicesconvozph,,,,"Defensores de la salud p√∫blica liderados por latinos, impulsados por estudiantes y voluntarios: ¬´Nuestras historias lideran. Nuestras voces se alzan¬ª."
KTOWN FOR ALL,https://www.instagram.com/ktownforall/#,@ktownforall ,,,,"Una organizaci√≥n de voluntarios dedicada a la asistencia y defensa de las personas sin hogar en Koreatown, Los √Ångeles."
CARWASHERXS,https://www.cleancarwash.org/,@carwasherxs ,(323) 840-3311,,,"Fundado en 2007, CLEAN Carwash Worker Center cuenta con 15 a√±os de experiencia en el desarrollo del poder y el liderazgo de los trabajadores de lavado de coches. Como primer centro de trabajadores de lavado de coches en Los √Ångeles y en todo el pa√≠s, CLEAN lucha por sacar a la luz la explotaci√≥n que existe en la industria del lavado de coches y por centrar la atenci√≥n en quienes est√°n en el coraz√≥n de estas operaciones: los trabajadores de lavado de coches."
Mutual Aid Network Los Angeles,https://mutualaidla.org/,@mutualaidlanetwork,,,,"Mutual Aid LA Network (MALAN) es un centro de conexi√≥n e informaci√≥n para iniciativas de ayuda mutua, personas y recursos en todo Los √Ångeles. Trabajamos por la abolici√≥n y creemos en un mundo pr√≥spero que pueda liberarse de la opresi√≥n a trav√©s de la solidaridad comunitaria."
Organized Power in Numbers,https://powerinnumbers.us/,@opinorg,,,,Impulsamos los esfuerzos de cambio en el sur y el suroeste y potenciamos las campa√±as que llegan a millones de personas para lograr victorias para los trabajadores de todo el mundo.
Aqu√≠ Para La Comunidad,https://www.instagram.com/aquiparalacomunidad/#,@Aquiparalacomunidad,323-426-2823,,LA County,"Entregamos comestibles a nuestras comunidades, con sede en el condado de Los √Ångeles y en expansi√≥n a otras regiones del sur de California."
Border Angels LA-OC,https://www.borderangels.org/,@borderangelsofficial,(619) 487-0249,"2258 Island Ave, San Diego CA 92102",Southern California,"Border Angels es una organizaci√≥n sin √°nimo de lucro que defiende los derechos humanos, una reforma migratoria humanitaria y la justicia social, con especial atenci√≥n a las cuestiones relacionadas con la frontera entre Estados Unidos y M√©xico."
Community Justice Exchange,https://www.communityjusticeexchange.org/,,info@communityjusticeexchange.org,,,"El Community Justice Exchange es un centro nacional para desarrollar, compartir y experimentar con intervenciones t√°cticas, pr√°cticas de organizaci√≥n estrat√©gica y herramientas de organizaci√≥n innovadoras con el objetivo de abolir el complejo industrial penitenciario. Brindamos apoyo a organizaciones comunitarias que est√°n experimentando con intervenciones ascendentes y de fortalecimiento del poder en los sistemas penales y de detenci√≥n de inmigrantes."
ACLU Southern California,https://www.aclusocal.org/,@aclu_socal,213-977-9500,,Southern California,"Una organizaci√≥n sin √°nimo de lucro, no partidista, jur√≠dica y de defensa 501(c)(4) que defiende los derechos de todos. ‚úäüèæ‚úäüèø‚úäüèº"
Uni√≥n del Barrio,https://uniondelbarrio.org/main/,@uniondelbarrio,213/444-6562,info_la@uniondelbarrio.org,LA,"Uni√≥n del Barrio es una organizaci√≥n pol√≠tica independiente que opera con una base de miembros voluntarios y se autofinancia √≠ntegramente a trav√©s de las cuotas de los miembros, las contribuciones de la comunidad y la recaudaci√≥n de fondos a nivel local. Nos hemos dedicado a luchar en nombre de ¬´la raza¬ª que vive dentro de las fronteras actuales de los Estados Unidos."
NDLON - National Day Laborer Organizing Network,https://ndlon.org/,@daylaborernetwork,(626) 799-3566,"1030 S Arroyo Pkwy, Ste 106, Pasadena, CA 91105",LA County,"NDLON mejora la vida de los jornaleros, los migrantes y los trabajadores con salarios bajos. Desarrollamos el liderazgo y el poder entre quienes se enfrentan a la injusticia para que puedan desafiar la desigualdad y ampliar los derechos laborales, civiles y pol√≠ticos para todos."
LATU - Los Angeles Tenants Union,https://latenantsunion.org/en/,@latenants,info@latenantsunion.org,,LA,"La Uni√≥n de Inquilinos de Los √Ångeles es un movimiento diverso, liderado por inquilinos, que lucha por el derecho humano a la vivienda para todos. Exigimos viviendas seguras y asequibles, as√≠ como un control universal de los alquileres. Nos organizamos contra el acoso de los propietarios, los desalojos masivos y los desplazamientos. Nos movilizamos para que se deroguen la Ley Ellis y la Ley Costa-Hawkins. Nuestra misi√≥n es fortalecer el poder pol√≠tico de los inquilinos a trav√©s de la educaci√≥n, la defensa y la acci√≥n directa. La Uni√≥n de Inquilinos de Los √Ångeles es un movimiento aut√≥nomo en materia de vivienda financiado principalmente por sus miembros. El trabajo de nuestro sindicato se organiza a trav√©s de nuestras secciones locales. Para participar en el sindicato, comience por asistir a las reuniones de la secci√≥n local m√°s cercana a usted."
Immigrant Defense Project,https://www.immigrantdefenseproject.org/,@immdefense,(212) 725-6422,info@immdefense.org,USA,Trabajando para garantizar la equidad y la justicia para los inmigrantes en los Estados Unidos.
PSL LA - Party for Socialism and Liberation,https://pslweb.org/,@psl_losangeles,,,,¬°Somos la secci√≥n de Los √Ångeles del Partido por el Socialismo y la Liberaci√≥n!
Jail Support LA,https://www.instagram.com/jailsupportla/?hl=en#,@jailsupportla,424-610-3020,,,Somos un colectivo de base dedicado a apoyar el trabajo contra la represi√≥n en Los √Ångeles ‚ù§Ô∏è‚Äçüî•
LA Voice,https://www.lavoice.org/,@la_voice,(213) 384-7404,contact@lavoice.org,,Organizaci√≥n multirracial y multiconfesional que despierta en las personas de todo el condado de Los √Ångeles la conciencia de su propio poder en pro de la equidad y la abundancia para todos. Miembro de @picocalifornia y @fianational.
PICO California,https://picocalifornia.org/,@picocalifornia,916-447-7959,PO Box 33334,,"Los movimientos populares dedicados a inclinar el arco moral de la historia hacia la justicia han estado hist√≥ricamente animados por la fe y los valores espirituales, y las personas creyentes han estado en el centro de algunas de las luchas m√°s importantes de Estados Unidos por la justicia social, desde la abolici√≥n de la esclavitud hasta la lucha por los derechos civiles y las luchas actuales contra el racismo sist√©mico y el agravamiento de la desigualdad econ√≥mica. Las instituciones religiosas son tambi√©n algunos de los √∫nicos lugares que quedan en la sociedad civil donde las personas pueden reunirse sin importar su raza, clase social o ideolog√≠a para promover una visi√≥n m√°s amplia que ellos mismos, lo que creemos que es fundamental para lograr un cambio real para los californianos m√°s vulnerables."
Calfornia Immigrant Policy Center,https://caimmigrant.org/,@caimmigrant,info@caimmigrant.org,,,"El Centro de Pol√≠ticas para Inmigrantes de California (CIPC) es una organizaci√≥n l√≠der en el estado que defiende los derechos de los inmigrantes y promueve pol√≠ticas que protegen y promueven los derechos de los inmigrantes y sus familias en toda California. El CIPC combina la defensa de pol√≠ticas, las comunicaciones estrat√©gicas, la organizaci√≥n a nivel estatal y el desarrollo de capacidades de coaliciones regionales para cumplir su misi√≥n de promover pol√≠ticas que defiendan la humanidad de los inmigrantes y, al mismo tiempo, avancen en la justicia racial, social y econ√≥mica."
The Revolutionary Love Project,https://revolutionarylove.org/,@revloveproject,,,,"The Revolutionary Love Project inspires and equips people with tools to practice the ethic of love. We teach core practices of Revolutionary Love, backed by research and infused with ancestral wisdom."
Proyecto Pastoral,https://www.proyectopastoral.org/,@proyectopastoral,(323) 881-0018,"135 N. Mission Rd. Los Angeles, CA 90033",,"El Proyecto Amor Revolucionario inspira y equipa a las personas con herramientas para practicar la √©tica del amor. Ense√±amos las pr√°cticas fundamentales del Amor Revolucionario, respaldadas por investigaciones y enriquecidas con la sabidur√≠a ancestral."
Detention Watch,https://www.detentionwatchnetwork.org/,@detentionwatch,,"1730 Rhode Island Ave NW, Suite 711, Washington, DC 20036",,"Detention Watch Network (DWN) es una coalici√≥n nacional que genera poder a trav√©s de la defensa colectiva, la organizaci√≥n de base y las comunicaciones estrat√©gicas para abolir la detenci√≥n de inmigrantes en los Estados Unidos."
No Sleep For ICE,https://www.instagram.com/no.sleep.for.ice/#,@no.sleep.for.ice,,,,Protesta contra ICE por alojarse en hoteles del condado de Los √Ångeles.
South Central Unidos,https://southcentralunited.com/home,@southcentralfarm,,,,"¬´Cultivando la resiliencia y el empoderamiento de la comunidad, South Central United se dedica a abordar necesidades cr√≠ticas y fomentar cambios positivos. A trav√©s de programas innovadores e iniciativas colaborativas, nos esforzamos por mejorar la vida de las personas y las familias, garantizando el acceso a recursos esenciales y oportunidades de crecimiento. Nuestra misi√≥n es crear una comunidad pr√≥spera e inclusiva en la que cada miembro cuente con el apoyo y los recursos necesarios para prosperar¬ª."
Asian Youth Collective,https://www.instagram.com/asian_youthcollective/?hl=en#,@asian_youthcollective,,,,Un colectivo de j√≥venes asi√°ticos y BIPOC antiimperialistas que luchan por la liberaci√≥n de nuestras patrias y de todos los pueblos oprimidos y trabajadores.
SFV Mutual Aid,https://www.instagram.com/sfv_mutualaid/?hl=en#,@sfv_mutualaid,,,,Distribuci√≥n de comidas para nuestros vecinos sin hogar en North Hollywood y Van Nuys. Nos reunimos todos los s√°bados a la 1 p. m. Env√≠e un mensaje directo para obtener m√°s detalles.
South Bay Abolitionist Collective,https://linktr.ee/TorranceForJustice,@southbay_abolition_mutualaid,,,,"Ayuda mutua en South Bay, Los √Ångeles, Tovaangar. Actividad mensual de ayuda mutua en Alondra Park cada tercer domingo del mes."
The People's Struggle,https://www.instagram.com/peoplesstrugglesfv/?hl=en,"@peoplesstrugglesfv
",peoplesstrugglesfv,,,Organizaci√≥n Revolucionaria del Valle
The Rent Brigade,https://www.rentbrigade.org/,@therentbrigade,,,,"La iniciativa comenz√≥ tras los incendios forestales de Los √Ångeles que se iniciaron el 7 de enero, como una forma de documentar los abusos en los alquileres por parte de los propietarios que se aprovechan de las personas desplazadas durante las cat√°strofes. Mantenemos la hoja de c√°lculo ¬´Seguimiento de la especulaci√≥n con los precios de los alquileres en Los √Ångeles¬ª, una herramienta de colaboraci√≥n colectiva que denuncia a los propietarios que incumplen la ley y anteponen los beneficios a las personas. Al recopilar y compartir estos datos, hacemos que los propietarios rindan cuentas, ya que, con demasiada frecuencia, no sufren ninguna consecuencia por sus actos. Esta iniciativa re√∫ne a personas vinculadas a diversas organizaciones y a otras sin afiliaci√≥n alguna, unidas por la indignaci√≥n colectiva ante la codicia de los propietarios y el compromiso con la justicia para los inquilinos."
Lennox-Inglewood Tenants Union,https://linktr.ee/Litunion?fbclid=PAZXh0bgNhZW0CMTEAAacG1Lk9so-kA2IvPoD3oGWXSKMgknKHG6yzrLm6N_v8jJCNc11zmqCbbAIwWA_aem_R5yh_9nTuJTxzs1waqQ5ag,@litunion,inglewoodtenantsunion@gmail.com,,,Afrontar nuestros miedos como sindicato
Long Beach Tenants Union,https://linktr.ee/lbtenants?fbclid=PAZXh0bgNhZW0CMTEAAacHXYBzwqU4LtdsU8KI3NrF1di7uO87w_jhi1dUA1EL5ZUPhUr2GOXLnn1xWA_aem_XlLpDEXxuNhRvMDb1nGVeQ,@lbtenants,,,,"Los inquilinos de LB se organizan de forma independiente en un terreno conocido como Long Beach, California. ‚úäüèΩ¬°El 60 % de LBC son inquilinos! ü¶ã¬°Construyamos poder! ¬°Y detengamos los desalojos!"
DSA-LA,https://dsa-la.org/,@dsa_la,,,,"Los Socialistas Democr√°ticos de Am√©rica (DSA) son la organizaci√≥n socialista m√°s grande de Estados Unidos, con m√°s de 70 000 miembros en todo el pa√≠s. Los miembros de la DSA est√°n construyendo movimientos progresistas para el cambio social, al tiempo que establecen una presencia socialista democr√°tica en las comunidades y la pol√≠tica estadounidenses."
NODUTDOL,https://nodutdol.org/,@nodutdol,,,,"Somos coreanos de la di√°spora y compa√±eros que nos organizamos por un mundo libre de imperialismo, y por la reunificaci√≥n y liberaci√≥n nacional de Corea."
People's City Council,https://www.peoplescitycouncil-la.com/,@peoplescitycouncil,,,,"Colectivo abolicionista, anticapitalista y antiimperialista que amplifica la voz del pueblo: acci√≥n directa, educaci√≥n pol√≠tica y construcci√≥n de comunidad."
Creating Justice Los Angeles,https://www.creatingjustice.la/,@creatingjusticela_,,900 N Alameda St #862005,,"I. Desarrollar un modelo organizativo creativo que ayude a eliminar las barreras de hostilidad (racismo, clasismo y otros ¬´ismos¬ª) que separan y destruyen las comunidades. II. Educar y movilizar a las generaciones m√°s j√≥venes en el √°mbito de las pol√≠ticas p√∫blicas con el fin de lograr cambios en nuestra comunidad. III. Ayudar a las comunidades hist√≥ricamente marginadas a construir un poder aut√©ntico y verdadero. IV. Ayudar a las generaciones m√°s j√≥venes a construir poder y a utilizarlo de forma positiva y constructiva, en lugar de destructiva. V. Inspirar y animar a los artistas a crear obras que enriquezcan nuestra cultura y nuestra sociedad. VI. Valorar m√°s las creaciones de los artistas mediante la creaci√≥n de estructuras econ√≥micas que compensen a los artistas sin recursos."
BAJI,https://baji.org/,@instabaji,(347) 464-5422,"1368 Fulton St Suite 311, Brooklyn, NY 11216",,"BAJI educa e involucra a las comunidades afroamericanas y de inmigrantes negros para que se organicen y defiendan la justicia racial, social y econ√≥mica. Los comit√©s organizadores locales de BAJI en Nueva York, Georgia, California y Arizona crean coaliciones e inician campa√±as entre las comunidades para impulsar la justicia racial. A nivel local y regional, BAJI ofrece formaci√≥n y asistencia t√©cnica a organizaciones asociadas para desarrollar habilidades de liderazgo, colabora con comunidades religiosas para aprovechar su voz prof√©tica e inicia di√°logos din√°micos con afroamericanos e inmigrantes negros para descubrir m√°s sobre la raza, nuestras identidades diversas, el racismo, la migraci√≥n y la globalizaci√≥n. El proyecto insignia de BAJI es la Red de Inmigraci√≥n Negra (BIN), una alianza nacional que re√∫ne a organizaciones y programas dirigidos por personas negras para promover pol√≠ticas de inmigraci√≥n justas y fomentar los cambios culturales que nuestras comunidades necesitan. La red BIN proporciona un espacio comunitario seguro para que las diversas comunidades negras se conecten, se comprometan y defiendan la igualdad y la justicia para todos."
5051 SoCal,https://www.50501socal.org/,@50501_socal,info@50501socal.org,,,"Un movimiento pac√≠fico, descentralizado y popular cuya misi√≥n es defender la democracia y el gobierno constitucional."
Local 721 SEIU,https://www.seiu721.org/,@seiu721,(877) 721-4968,1545 Wilshire Blvd,,"Esta cuenta est√° siendo utilizada con fines de campa√±a por el Sindicato Internacional de Empleados de Servicios Local 721 CTW, Comit√© de Fuerza de los Trabajadores del CLC."
Sacred Resistance,https://diocesela.org/convention/exhibithall/sacred-resistance/,@la.sacredresistance,213) 482-2040,840 Echo Park Avenue,,"La Resistencia Sagrada es un movimiento creciente de fieles que responden al llamado a la resistencia. La Resistencia Sagrada honra el compromiso con el santuario y la acci√≥n pac√≠fica para garantizar el reconocimiento de la dignidad de todas las personas. Como personas de fe y de conciencia, la Resistencia Sagrada rechaza las propuestas pol√≠ticas de la actual administraci√≥n presidencial que acosan y deportan a millones de inmigrantes indocumentados y discriminan a las comunidades AMEMSA (√°rabes, de Oriente Medio, musulmanas y del sur de Asia). Encarnamos la resistencia fiel en la plaza p√∫blica y abrimos nuestras congregaciones y comunidades para proporcionar refugio a cualquier persona que sea objeto de persecuci√≥n por parte del Estado, trabajando como una cuesti√≥n de fe para garantizar la dignidad y los derechos humanos de todas las personas. Sacred Resistance recurre a las antiguas tradiciones de nuestras religiones, que reconoc√≠an los lugares de culto como refugio para los esclavos fugitivos, los objetores de conciencia y los refugiados centroamericanos que hu√≠an de las guerras civiles de la d√©cada de 1980. El santuario est√° volviendo a crecer entre las comunidades religiosas y nos solidarizamos con los inmigrantes centroamericanos, AMEMSA y otras comunidades que se enfrentan a pol√≠ticas de deportaci√≥n y discriminaci√≥n inmorales e injustas. Nos encontramos entrando en una nueva fase de la historia de los Estados Unidos en la que la pol√≠tica del miedo ha avivado una atm√≥sfera de racismo y xenofobia en todo el pa√≠s. Sacred Resistance representa una respuesta mesurada y fiel a tal odio."
La Raza Unida Party,https://razaunidaparty.org/?fbclid=PAZXh0bgNhZW0CMTEAAaeByKE3tWSOtkQn_o_mQ__Nq_tKH3DHYKHH5OEf1JQYZaOxiZL7B-ghG7me0w_aem_nFYH25o12_HoAb07dCR9iQ,@la_raza_unida_party,,,,"Fundado en 1970 en Crystal City, Texas, el Partido Nacional surgi√≥ de un rico tapiz de resistencia y activismo chicano. Este movimiento, profundamente arraigado en las luchas contra las injusticias sociales, econ√≥micas y pol√≠ticas, buscaba forjar una identidad chicana distintiva y luchar por los derechos de los mexicoamericanos."
FRSO Los Angeles,https://frso.org/,@frsolosangeles,612-477-5807,,LA and OC,Presta servicio a dos condados: Los √Ångeles y OrangeüìçAztl√°n. La FRSO es una organizaci√≥n nacional de revolucionarios que luchan por el socialismo en los Estados Unidos.
Centro CSO,https://sites.google.com/view/centrocso/centro-cso,@centrocso,323-580-3764,,East LA,‚Ä¢Defender la educaci√≥n p√∫blica y luchar por todas las personas oprimidas en Boyle Heights y el este de Los √Ångeles ‚Ä¢Reuniones cada tercer mi√©rcoles üåµAutodeterminaci√≥n chicanaüåµ
KIWA Workers For Justice,https://www.kiwa.org/,@kiwa4justice,213-738-9050,"PO Box 75545, Los Angeles, CA 90075",LA,"Founded in 1992, KIWA builds power with immigrant workers and renters to bring about a more just and inclusive California. One of the nation‚Äôs most established worker centers, KIWA organizes primarily Latino and Korean workers, with a focus on the restaurant and retail industries, in Koreatown and beyond. KIWA aligns strategic worker and community organizing with policy change, leadership development, research, services, and coalition-building. Because of their immense impact on workers' lives, KIWA also works in the areas of civic engagement, economic policy, immigration, housing policy, and land-use reform."
The K.W. Lee Center For Leadership,https://www.kwleecenter.org/,@kwleecenterforleadership,(213) 985-7451,"853 S. Lucerne Blvd., #104, Los Angeles, CA 90005",Koreatown,A nonprofit organization dedicated to providing youth with the tools and opportunities necessary to become future leaders.
Workers United,https://tuwu.org/,@tuwu_bayarea,1 (415) 621-4155,"1212 Broadway, STE 700, Oakland, CA 94612",Bay Area,Trabajadores Unidos Workers United (TUWU) is a regional Bay Area immigrant worker center that stands at the intersection of economic racial justice and immigrant rights.
Pilipino Workers Center,https://www.pwcsc.org/,@pwcsc,213-250-4353,,,"At PWC, we are committed to empowering Filipino workers and their families through advocacy, education, and support services. By joining us, you become part of a vibrant network dedicated to promoting workers' rights and improving the quality of life for all."
laane A NEW ECONOMY FOR ALL,https://laane.org/,@laane_org,,"464 Lucas Avenue, Suite 202, Los Angeles, CA 90017",,"The Los Angeles Alliance for a New Economy (LAANE) is an organizing and advocacy institution committed to economic, environmental, and racial justice. For the last 30 years, we have bridged community and labor power to win policies that improve the lives of working families in Los Angeles and in Long Beach. Our vision is to help build a new economy rooted in good jobs, thriving communities, and a healthy environment for all. We fight for change through community organizing, building community and labor coalitions, research, communications, and policy work."
Thai Community Development Center,https://thaicdc.org/,@thaicdc,3234682555,"6376 Yucca St., Ste B, Los Angeles, CA 90028",Thaitown,"The mission of Thai CDC is ‚Äúto advance the social and economic well-being of low and moderate income Thais and other ethnic communities in the greater Los Angeles area through a broad and comprehensive community development strategy including human rights advocacy, affordable housing, access to healthcare, promotion of small businesses, neighborhood empowerment, and social enterprises.‚Äù"