,"
NOTICE: This is a community record of protest actions past, present, and future. 
This is not an endorsement of any organizations involved in the protest actions.
This intention of this list is to document, preserve, and share awareness.

If for your own reasons you choose to attend any of these, please keep your 
love for your neighbors and family in mind, prepare, act, and lead accordingly.
",,,,,
Date,Time,Name,Link,Organization,Area,Purpose
6/6/25,4:00 PM,STARVATION & NEGLECT ARE TORTURE! STOP THE DEPORTATIONS! NO MORE INHUMANE DETENTIONS!,https://www.instagram.com/reel/DKiwscixaIA/?utm_source=ig_web_copy_link&igsh=MzRlODBiNWFlZA==,PSL LA,300 N Los Angeles St.,"Mar√≠a Valeriano P√©rez, una querida madre de tres hijos del condado de Ventura, fue detenida por la ICE durante un control rutinario de inmigraci√≥n esta semana. Detenida junto con otras mujeres, soport√≥ condiciones horribles: se le neg√≥ el acceso a duchas, ropa limpia y comida adecuada. Mar√≠a, que es diab√©tica, se vio privada de la comida necesaria para tomar su medicaci√≥n de forma segura, lo que puso en riesgo su salud. Aunque ahora ha sido deportada a Tijuana, el abuso que ella y otras personas sufrieron debe terminar."
6/9/25,11:00 AM,Student Walkout,https://www.instagram.com/p/DKqlPGoOwrW/?utm_source=ig_web_copy_link&igsh=MzRlODBiNWFlZA==,PSL LA,300 North Los Angeles,Protesta contra las redadas de ICE
6/9/25,8:00 AM,Apoyo a los presos de Los √Ångeles,https://www.instagram.com/p/DKruBt3xOiS/?utm_source=ig_web_copy_link&igsh=MzRlODBiNWFlZA==,Jail Support LA,7600 S Broadway,Ayudar a los manifestantes detenidos a acceder a asistencia jur√≠dica tras su puesta en libertad.
6/15/25,10:00 AM,Exigencias del centro-sur: ¬°FUERA ICE DE LOS √ÅNGELES!,https://www.instagram.com/p/DKzz_y6P1F5/?utm_source=ig_web_copy_link&igsh=MzRlODBiNWFlZA==,"Roofers & Waterproofers
California Faculty Association
Coalition for Community Control Over the Police
South Central Unidos
Youth Justice Coalition
CAT-911.org",Florence & Normandie,¬´Fuera el ej√©rcito de Los √Ångeles; Retirada de los cargos contra los manifestantes; Responsabilidad municipal por la brutalidad policial¬ª.
6/18/25,9:00 PM,Sin descanso para ICE,https://www.instagram.com/p/DLDi99gB2yl/?utm_source=ig_web_copy_link&igsh=MzRlODBiNWFlZA==,@no.sleep.for.ice,5400 W Century Blvd,
6/19/25,10:00 AM,30 d√≠as de acci√≥n: Verano de resistencia,https://www.instagram.com/p/DLFnuNDxYOQ/?utm_source=ig_web_copy_link&igsh=MzRlODBiNWFlZA==,@summerofresistance,Placita Olvera,"El arte de la resistencia sigue vivo hoy en d√≠a, en el sonido, la imagen y la acci√≥n. ü•Å Nos reunimos en unidad negra y morena, avanzando a lo largo del d√≠a con m√∫sica, recuerdos y poder colectivo. El cierre ser√° una marcha hacia el Edificio Federal liderada por bandas en directo."
6/21/25,11:00 AM,Reuni√≥n de la Coalicci√≥n de Autodefensa Comunitaria,https://www.instagram.com/p/DK-lbzBBlzq/?utm_source=ig_web_copy_link&igsh=MzRlODBiNWFlZA==,community self defense coalition,7625 S Central Ave,
6/28/25,11:00 AM,ICE Out of 323,https://www.instagram.com/p/DLBTLuNylyT/?utm_source=ig_web_copy_link&igsh=MzRlODBiNWFlZA==,,5806 S. Main St.,"¬´Deja que esto te radicalice en lugar de llevarte a la desesperaci√≥n. El pueblo unido jam√°s ser√° vencido. S√© que no soy el √∫nico que est√° harto de ver a estos cerdos en nuestros barrios. As√≠ que salid y manifest√°os como lo hicisteis en el desfile de la Serie Mundial. Respetad el barrio. Esta es una protesta PAC√çFICA, no una toma de poder. Respetad los peque√±os negocios de la zona. No pint√©is paredes, escaparates, escuelas ni ning√∫n otro lugar. Muchos de estos propietarios ya est√°n luchando por mantenerse a flote, no les den una raz√≥n m√°s para estresarse. Limpien lo que ensucien, todos compartimos este espacio, cuid√©moslo. Estamos aqu√≠ por una causa. Mantengan la civilidad. A nadie le impresionan los derrapes, los donuts o las alardes. Aprovechen este momento para conectarse y permanecer unidos. Todos estamos aqu√≠ por la misma raz√≥n¬ª."
7/1/25,4:00 PM,Eastside Recuperemos nuestras calles,#FreeEmma,,Mariachi Plaza,"√önase a nosotros en la lucha por la libertad de nuestros seres queridos y vecinos que han sido secuestrados por ICE. Escuchar√° a los familiares de Emma de Paz, una vendedora ambulante que se encuentra detenida y necesita atenci√≥n m√©dica urgente, y a los estudiantes del este de la ciudad que se han visto afectados por este terror."
7/1/25,,¬°POR TODA LA CIUDAD: NUESTRAS COMUNIDADES SE MANIFIESTA CONTRA ICE! 1 DE JULIO,https://www.instagram.com/p/DLi8bxHpsrH/?utm_source=ig_web_copy_link&igsh=MzRlODBiNWFlZA==,"AFE3IRM
SCWOC
Koreatown For Palestine
SFV Mutual Aid
JAS
South Bay Abolitionist Collective
Power
UCLA for Palestine
Asian Youth Collective
The People's Struggle
Code Pink
The Rent Brigade
NDLON
Lennox-Inglewood Tenants Union
LBTU
DSA-LA
All Power Books
PSL
Nodutdol
People's City Council
JVP LA
Health Not Punishment
Peace and Freedom Party
heh",LA,"No hay escuela, no hay trabajo, no hay que fingir que todo sigue igual cuando miles de nuestros vecinos han sido secuestrados y la renta todav√≠a se debe el primero del mes. ¬°Con√©ctate ma√±ana con una distribuci√≥n de alimentos, protesta, seminario o red de defensa en TU barrio y ayuda a sentar las bases para huelgas masivas coordinadas! No hay escuela, no hay trabajo, no hay que fingir que todo sigue igual cuando miles de nuestros vecinos han sido secuestrados, pero la renta todav√≠a se debe el primero del mes. ¬°Con√©ctate con una distribuci√≥n de alimentos, protesta, aprendizaje, o red de defensa en TU barrio y ayuda a construir las bases para huelgas masivas coordinadas!"
7/3/25,11:00 AM,Cierre la libertad: crucero y manifestaci√≥n,https://www.instagram.com/p/DLkWIPuxwLj/?utm_source=ig_web_copy_link&igsh=MzRlODBiNWFlZA==,"Def Justice
Creating Justice Los Angeles
BAJI
50501 SoCal
50501 Long Beach
CLUE
Sacred Resistance
WP4BL
Fannie Lou Hammer Institute
Local 721 SEIU
LBCRR
Interfaith Movement
Fund for Reparations NOW!
BLM
Skid Row Peoples Market
HCU
Clergy 4 Black Lives
Black Jewish Alliance
SCC
The Row LA",200 N Spring St.,"Es hora de ¬´discutir¬ª a trav√©s del arte, la cultura, la diversidad y la equidad. ¬°Trae tu coche y los temas que te preocupan!"
7/4/25,12:00 PM,Manifestaci√≥n ¬´Free Them All¬ª (Liberadlos a todos),https://www.instagram.com/p/DLpzcNLJKQA/?utm_source=ig_web_copy_link&igsh=MzRlODBiNWFlZA==,"Decolonize Justice
Cultura Movement",535 Alameda St.,"üî•COMPARTE SIN RESERVASüî• LIBERADLOS A TODOS. Fiesta callejera de protesta y vigilia mexica desde el mediod√≠a hasta la medianoche. Evento organizado por ind√≠genas. En el edificio federal DTLA (lado Alameda) el 4 de julio. ¬°Traed vuestros instrumentos para hacer ruido, pancartas de protesta y zapatos de baile! Este es un evento libre de drogas, alcohol y violencia. ¬°Evento apto para toda la familia! -¬°Necesitamos voluntarios! ¬°Env√≠anos un mensaje directo si puedes ayudar! ¬°Hay varios turnos disponibles! Cu√©ntaselo a tus amigos. -Si no puedes asistir y te gustar√≠a colaborar con suministros o aperitivos, Venmo: @Dodger_Blue13 -Si te gustar√≠a hablar, env√≠anos un mensaje directo y te a√±adiremos a la lista. -Va a hacer mucho calor, as√≠ que quiz√° quieras traer una silla de jard√≠n, protector solar, gorra o sombrilla. ü´∂üèΩ"
7/4/25,9:30 AM,Verano de resistencia,https://www.instagram.com/p/DLqkFi9SRfx/?utm_source=ig_web_copy_link&igsh=MzRlODBiNWFlZA==,"summer of resistance
5051 SoCal
Vets About Face
Libre Party LA",Placita Olvera,¬´‚ÄºÔ∏èEventos del viernes en el Verano de la Resistencia‚ÄºÔ∏è ‚è±Ô∏è9:30 a. m.: Marcha para poner fin a la ocupaci√≥n militar de Los √Ångeles con @50501_socal (encuentro en el Ayuntamiento). ‚è±Ô∏è9:30 a. m.: Misa matutina y culto con el obispo Dylan. ‚è±Ô∏è12:00 p. m.: Mesa redonda de veteranos @vetsaboutface. ‚è±Ô∏è1:00 p. m.: Mesa redonda de techadores e impermeabilizadores (Local 36). ‚è±Ô∏è4:00 p. m.: @librepartyla¬ª.
7/72025,4:00 PM,ICE OUT OF LA Rueda de prensa y manifestaci√≥n,https://www.instagram.com/p/DLxxZoZB7-G/?utm_source=ig_web_copy_link,Coalici√≥n de autodefensa comunitaria,535 Alameda St.,"ICE OUT OF LA Rueda de prensa y manifestaci√≥n Los √Ångeles - Ma√±ana se cumplen 30 d√≠as del asalto militarizado a Los √Ångeles. ¬°√önete a esta acci√≥n para seguir exigiendo que los secuestradores y el ej√©rcito estadounidense se vayan de nuestra ciudad! El fascismo colonial de MAGA pens√≥ que traer al ej√©rcito nos asustar√≠a y que las protestas cesar√≠an, pero hemos demostrado que hemos continuado la resistencia y NO vamos a parar hasta que cesen los secuestros. ¬°Que viva la resistencia! ¬°Uni√≥n del Barrio es un orgulloso miembro de la Coalici√≥n de Autodefensa Comunitaria!"
7/10/2025,4:00 PM,Recuperemos nuestras calles,https://www.instagram.com/p/DL2r9IMvFCD/?utm_source=ig_web_copy_link&igsh=MzRlODBiNWFlZA==,"laane, KIWA, The K.W. Lee Center For Leadership, Trabajadores Unidos, Pilipino Workers Center, Thai CDC","Seoul International Park, 3250 San Marino St.",¬°Reun√°monos este jueves para fortalecer nuestras comunidades y protegernos contra las redadas de ICE en Los √Ångeles!
7/12/2025,10:00 AM,55th Chicano Moratorium Planning Meeting,https://www.instagram.com/p/DL0HRsOpGXY/?utm_source=ig_web_copy_link,Centro CSO,Boyle Heights City Hall,"¬°Acomp√°√±anos el s√°bado 12 para la pr√≥xima reuni√≥n de planificaci√≥n de la conmemoraci√≥n del 55.¬∫ Moratorio Chicano! Algunas de las personas que est√°n ayudando a hacerlo realidad son: @centrocso @frsolosangeles @la_raza_unida_party @uniondelbarrio @lamezanacional.de.brownberets , Los Rukos, @aresantabarbara , entre otros."