Date,Time,Name,Link,Organization,Location,Purpose
6/17/25,6:00 PM,Asamblea General de LA-CAN,https://www.instagram.com/p/DK97upfpZZP/?utm_source=ig_web_copy_link&igsh=MzRlODBiNWFlZA==,Stop LAPD Spying,838 E 6th St.,
6/20/25,1:00 PM,Taller de respuesta r√°pida de NDLON,https://www.instagram.com/p/DLEJnOGpsTA/?utm_source=ig_web_copy_link&igsh=MzRlODBiNWFlZA==,@daylaborernetwork,online,"El pr√≥ximo viernes tendremos un taller de #respuesta r√°pida, una herramienta esencial de primera l√≠nea para defender a nuestra comunidad en este momento de crisis. Esperamos que puedas acompa√±arnos el viernes. Si est√°s adoptando una esquina, ¬°esperamos verte all√≠!"
6/30/25,3:00 PM,C√≥mo lidiar con las medidas de ICE en el trabajo en este taller de Boyle Heights,https://www.instagram.com/p/DLasWWLJGBf/?utm_source=ig_web_copy_link&igsh=MzRlODBiNWFlZA==,@boyleheightsbt,,"En respuesta a la creciente preocupaci√≥n por la aplicaci√≥n de las leyes de inmigraci√≥n en Los √Ångeles, la Coalici√≥n Independiente de Hosteler√≠a (@ihclaorg) se ha asociado con la C√°mara de Comercio de Boyle Heights (@boyleheights_chamber) para organizar un taller de preparaci√≥n empresarial destinado a informar a las empresas sobre c√≥mo proteger a su personal y a sus clientes durante posibles redadas del ICE. El taller gratuito, programado para el lunes 30 de junio en Boyle Heights, proporcionar√° informaci√≥n vital sobre los derechos legales de los propietarios de negocios y estrategias pr√°cticas para responder a la aplicaci√≥n de las leyes de inmigraci√≥n en el lugar de trabajo. El evento estar√° abierto a una amplia gama de operadores comerciales, incluyendo establecimientos f√≠sicos, camiones de comida y vendedores ambulantes. Habr√° interpretaci√≥n al espa√±ol disponible. """
7/1/25,8:00 AM,Centro de Defensa Comunitaria STOP ICE,https://www.instagram.com/p/DLjF6jkxMkl/?utm_source=ig_web_copy_link&igsh=MzRlODBiNWFlZA==,LATU,Santee Alley,"‚ÄºÔ∏è¬°Hemos creado un centro para apoyar las patrullas en DTLA en colaboraci√≥n con @latenant! ¬°Ven a apoyar y lucha para proteger nuestras tiendas, vendedores y comunidad de DTLA!"
7/5/25,2:00:00 PM,NDLON Adopta una esquina Regi√≥n Noreste,https://us02web.zoom.us/webinar/register/WN_BzfFENgHS0KXUgLCaBBIAA#/registration,,,Formaci√≥n sobre c√≥mo adoptar una esquina en defensa de los jornaleros
7/15/25,6:00 PM,√önete a Court Watch LA,https://www.instagram.com/p/DL0BR2cR-1W/?utm_source=ig_web_copy_link,National Lawyers Guild,,"NLG LA y @jailsupportla est√°n profundamente agradecidos a nuestro socio @courtwatchla por apoyar a quienes han sido arrestados por protestar contra las redadas del ICE en Los √Ångeles. Los voluntarios de Court Watch LA han estado presentes en todas las citas judiciales para ayudar a los detenidos y supervisar los casos penales que se han presentado, de modo que podamos seguir ofreciendo solidaridad a los manifestantes que se enfrentan a un proceso judicial. Si desea ser voluntario de Court Watch LA, su pr√≥xima formaci√≥n tendr√° lugar el 15 de julio a las 6 de la tarde. Inscr√≠base en el enlace de nuestra biograf√≠a."
7/7/2025,12:00:00 PM,¬°El Valle lucha por los derechos de los inmigrantes! Sesiones de voluntariado de KYR Outreach,https://www.instagram.com/p/DLz9MmSxPlU/?utm_source=ig_web_copy_link,"PSL SFV, PSL Los Angeles",North Hollywood Metro Station,"Con la presencia continua del ICE en el Valle, ¬°nuestros esfuerzos sobre el terreno pueden desempe√±ar un papel fundamental en la prevenci√≥n de detenciones! √önase a nosotros esta semana mientras salimos a las calles para realizar una campa√±a preventiva de divulgaci√≥n sobre ¬´Conozca sus derechos¬ª."
7/8/2025,5:00:00 PM,¬°El Valle lucha por los derechos de los inmigrantes! Sesiones de voluntariado de KYR Outreach,https://www.instagram.com/p/DLz9MmSxPlU/?utm_source=ig_web_copy_link,"PSL SFV, PSL Los Angeles","Ritchie Valens Recreation Center, 10736 Laurel Canyon Blvs, Pacoima","Con la presencia continua del ICE en el Valle, ¬°nuestros esfuerzos sobre el terreno pueden desempe√±ar un papel fundamental en la prevenci√≥n de detenciones! √önase a nosotros esta semana mientras salimos a las calles para realizar una campa√±a preventiva de divulgaci√≥n sobre ¬´Conozca sus derechos¬ª."
7/10/2025,5:00:00 PM,¬°El Valle lucha por los derechos de los inmigrantes! Sesiones de voluntariado de KYR Outreach,https://www.instagram.com/p/DLz9MmSxPlU/?utm_source=ig_web_copy_link,"PSL SFV, PSL Los Angeles","Home Depot, 16800 Roscoe Blvs, Van Nuys","Con la presencia continua del ICE en el Valle, ¬°nuestros esfuerzos sobre el terreno pueden desempe√±ar un papel fundamental en la prevenci√≥n de detenciones! √önase a nosotros esta semana mientras salimos a las calles para realizar una campa√±a preventiva de divulgaci√≥n sobre ¬´Conozca sus derechos¬ª."
7/11/2025,1:00:00 PM,¬°El Valle lucha por los derechos de los inmigrantes! Sesiones de voluntariado de KYR Outreach,https://www.instagram.com/p/DLz9MmSxPlU/?utm_source=ig_web_copy_link,"PSL SFV, PSL Los Angeles","Vallarta Supermarket, 8453 Reseda Blvd, Northridge","Con la presencia continua del ICE en el Valle, ¬°nuestros esfuerzos sobre el terreno pueden desempe√±ar un papel fundamental en la prevenci√≥n de detenciones! √önase a nosotros esta semana mientras salimos a las calles para realizar una campa√±a preventiva de divulgaci√≥n sobre ¬´Conozca sus derechos¬ª."
7/9/2025,6:00:00 PM,Formaci√≥n de voluntarios para la autodefensa comunitaria,https://www.instagram.com/p/DLy6zsvODMX/?utm_source=ig_web_copy_link,Orange County Community Self Defense,"Garden Grove, address shared after sign up","¬´Confirme su asistencia aqu√≠: https://docs.google.com/forms/d/1f6ucVBmH79eK5ORwOTX-eJD5a4Q-CjGJ4-tNfDZ_bOc/viewform?edit_requested=true ¬°La OCCSDC celebrar√° su TERCERA formaci√≥n para voluntarios ESTE mi√©rcoles! Si no pudiste asistir a la movilizaci√≥n de emergencia y la formaci√≥n de voluntarios del s√°bado, ven esta semana y obt√©n informaci√≥n sobre c√≥mo nos mantendremos seguros y los protocolos de patrulla. La formaci√≥n de voluntarios es obligatoria para todas las personas interesadas en comenzar las patrullas/actividades de divulgaci√≥n. ¬°Gracias a todos nuestros voluntarios y al apoyo de la comunidad! ¬°Te necesitamos! Las organizaciones interesadas en unirse a la Coalici√≥n como organizaci√≥n miembro, p√≥nganse en contacto con nosotros para obtener m√°s detalles. ¬°Llamada a todos los residentes del centro de OC! ‚ÄºÔ∏èD√ìNDE: RSVP para conocer la ubicaci√≥n. ‚ÄºÔ∏èCU√ÅNDO: 9 de julio, mi√©rcoles, de 6 a 8 p. m. ‚ÄºÔ∏èQUI√âN: cualquier persona interesada y con capacidad para ayudar en los turnos semanales de patrulla. ¬°No se necesita coche! ‚ÄºÔ∏èPOR QU√â: ¬°solo el pueblo salva al pueblo! ¬°Ch√∫ng ta ph·∫£i t·ª± b·∫£o v·ªá m√¨nh! ICE OUT OF OC üçä"""
7/10/2025,5:00:00 PM,Formaci√≥n en acci√≥n directa no violenta,https://www.instagram.com/p/DL2oVsSPys8/?utm_source=ig_web_copy_link,"DSA, Los Angeled County Federation of Labor",Los Angeles Convention Center,"¬°√önete a nosotros el jueves 10 de julio, de 5 p. m. a 8 p. m., en el Centro de Convenciones de Los √Ångeles, para la mayor formaci√≥n en acci√≥n directa no violenta organizada hasta ahora por la Federaci√≥n Sindical del Condado de Los √Ångeles! Tanto si eres nuevo en el activismo y la organizaci√≥n como si solo buscas mejorar tus habilidades en esta era de resistencia a Trump y al fascismo, este ser√° un espacio para desarrollar el coraje, la claridad y el esp√≠ritu comunitario. ‚ñ∂Ô∏è Es necesario confirmar asistencia para participar: dsa.la/LAfedtraining"
7/11/2025,1:00:00 PM,The Valley Fights For Immigrant Rights! KYR Outreach Volunteer Sessions,https://www.instagram.com/p/DLz9MmSxPlU/?utm_source=ig_web_copy_link,"PSL SFV, PSL Los Angeles","Vallarta Supermarket, 8453 Reseda Blvd, Northridge","With continued ICE presence in the Valley, our efforts on the ground can play a critical role in preventing arrests! Join us this week as we hit the streets to do some preemptive Know Your Rights outreach."